{
    "sequences": [
        {   
        "sequenceId":"sequence_0",
        "sequenceName":"XYZ", 
        "interFeatureTasks":{"compare":["feature_0","feature_1"],"correlate":[]},
            "features":
            [
                { 
                    "featureId":"feature_0",
                    "featureGranularity":"point",
                    "featureDensity":"sparse",
                    "featureLabel": "Epigenetic Signal",
                    "featureInterconnection": false,
                    "denseInterconnection": false,
                    "intraFeatureTasks":["outliers"],
                    "interactivity":false,
                    "attr":
                    [
                        {
                            "attrId":"attribute_0",
                            "dataType":"quantitative",
                            "intraAttrTask":["identify"]
                        },
                        {
                            "attrId":"attribute_1",
                            "dataType":"quantitative",
                            "intraAttrTask":["identify","compare"]
                        },
                        {
                            "attrId":"attribute_2",
                            "dataType":"text",
                            "intraAttrTask":["identify"]
                        }
                    ]
                },
                { 
                    "featureId":"feature_1",
                    "featureGranularity":"segment",
                    "featureDensity":"sparse",
                    "featureLabel": "Gene Annotation",
                    "featureInterconnection": true,
                    "denseInterconnection": false,
                    "intraFeatureTasks":["outliers"],
                    "interactivity":false,
                    "attr":
                    [
                    {
                        "attrId":"attribute_0",
                        "dataType":"categorical",
                        "intraAttrTask":["identify"]
                    },
                    {
                        "attrId":"attribute_1",
                        "dataType":"text",
                        "intraAttrTask":["identify"]
                    }]
                }
            ]
    },{
        "sequenceId":"sequence_1",
        "sequenceName":"ABC", 
        "interFeatureTasks":{"compare":[],"correlate":[]},
            "features":
            [
                { 
                    "featureId":"feature_0",
                    "featureGranularity":"point",
                    "featureDensity":"sparse",
                    "featureLabel": "Epigenetic Signal",
                    "featureInterconnection": false,
                    "denseInterconnection": false,
                    "intraFeatureTasks":["summarize"],
                    "interactivity":true,
                    "attr":
                    [
                        {
                            "attrId":"attribute_0",
                            "dataType":"quantitative",
                            "intraAttrTask":["identify","compare"]
                        },
                        {
                            "attrId":"attribute_1",
                            "dataType":"text",
                            "intraAttrTask":["identify"]
                        }
                    ]
                }
            ]
    }],
    "intraSequenceTask": {"connectedNodes":["sequence_0","sequence_1"],"sequenceConservation":[],"edgeValues":[]},
    "denseConnection": true,
    "sparseConnection": false}