{
    "sequences": [
        {   
        "sequenceId":"sequence_0",
        "sequenceName":"hg38", 
        "interFeatureTasks":{"compare":[],"correlate":[]},
            "features":
            [
                { 
                    "featureId":"feature_0",
                    "featureGranularity":"point",
                    "featureDensity":"sparse",
                    "featureLabel": "Epigenetic Signal",
                    "intraFeatureTasks":["outliers"],
                    "interactivity":false,
                    "attr":
                    [
                        {
                            "attrId":"attribute_0",
                            "dataType":"quantitative",
                            "intraAttrTask":["identify","compare"],
                            "fileName": "BED1",
                            "encodingName": "Quantitative1",
                            "featureInterconnection": false,
                            "denseInterconnection": false
                        },
                        {
                            "attrId":"attribute_1",
                            "dataType":"categorical",
                            "intraAttrTask":["identify","compare"],
                            "fileName": "BED1",
                            "encodingName": "Categorical1",
                            "featureInterconnection": false,
                            "denseInterconnection": false
                        }
                    ]
                }
            ]
    }],
    "intraSequenceTask": {"connectedNodes":[],"sequenceConservation":[],"edgeValues":[]},
    "tasks": ["singleROI", "compareMultipleROI" ,"compareMultipleTracks","overview","explore"],
    "connectionType": "none",
    "geneAnnotation": true,
    "ideogramDisplayed": true}